{"beta_n_pi": 0.41496298205672755, "gamma2": 0.90132064290960279, "gamma1": 0.80204527900490463, "sigma_eps": 0.39190558991232544, "sigma_esp_eta": 0.30089326821103646, "sigma_eta": 0.99898270740634154, "delta": 0.8256722380419147, "beta_kappa": 0.48815507617400544}