{"beta_n_pi": 0.4024578603699519, "gamma1": 0.8033321023764205, "sigma_eps": 0.39601604604685858, "sigma_esp_eta": 0.2749458437117161, "sigma_eta": 0.99350362385294588, "beta_kappa": 0.50184886616969104}