{"beta_n_pi": 0.40203302168247917, "gamma1": 0.80254974923721023, "sigma_eps": 0.39771706232108617, "sigma_esp_eta": 0.28237320836319002, "sigma_eta": 1.0032935293239085, "beta_kappa": 0.50112847730412025}