{"beta_n_pi": 0.40245799399243842, "gamma1": 0.80333212048464064, "sigma_eps": 0.39601683113570207, "sigma_esp_eta": 0.2749467763832818, "sigma_eta": 0.99350401656907938, "beta_kappa": 0.50184888294827246}